PMFuzz found: pslab_2.1,108,Sun Aug 16 05:50:55 EDT 2020,id=000008,id=000001.testcase,,
PMFuzz found: pslab_perf_1,108,Sun Aug 16 05:50:55 EDT 2020,id=000008,id=000001.testcase,,
PMFuzz found: pslab_2.2,108,Sun Aug 16 05:50:55 EDT 2020,id=000008,id=000001.testcase,,
PMFuzz found: memcached_perf_1,108,Sun Aug 16 05:50:55 EDT 2020,id=000008,id=000001.testcase,,
PMFuzz found: memcached_perf_2,108,Sun Aug 16 05:50:55 EDT 2020,id=000008,id=000001.testcase,,
PMFuzz found: slabs_1,108,Sun Aug 16 05:50:55 EDT 2020,id=000008,id=000001.testcase,,
PMFuzz found: pslab_4.3,108,Sun Aug 16 05:50:55 EDT 2020,id=000008,id=000001.testcase,,
PMFuzz found: pslab_4.2,108,Sun Aug 16 05:50:55 EDT 2020,id=000008,id=000001.testcase,,
PMFuzz found: pslab_4.1,108,Sun Aug 16 05:50:55 EDT 2020,id=000008,id=000001.testcase,,
PMFuzz found: pslab_3,108,Sun Aug 16 05:50:55 EDT 2020,id=000008,id=000001.testcase,,
PMFuzz found: pslab_5,1,Sun Aug 16 05:49:08 EDT 2020,img_creation,,,
PMFuzz found: pslab_7,1,Sun Aug 16 05:49:08 EDT 2020,img_creation,,,
PMFuzz found: pslab_6,1,Sun Aug 16 05:49:08 EDT 2020,img_creation,,,
PMFuzz found: memcached_5,108,Sun Aug 16 05:50:55 EDT 2020,id=000008,id=000001.testcase,CONFIRMED
PMFuzz found: items_2,108,Sun Aug 16 05:50:55 EDT 2020,id=000008,id=000001.testcase,CONFIRMED
PMFuzz found: memcached_8,108,Sun Aug 16 05:50:55 EDT 2020,id=000008,id=000001.testcase,CONFIRMED
PMFuzz found: memcached_9,108,Sun Aug 16 05:50:55 EDT 2020,id=000008,id=000001.testcase,CONFIRMED
